               epoch,      train/box_loss,      train/obj_loss,      train/cls_loss,   metrics/precision,      metrics/recall,     metrics/mAP_0.5,metrics/mAP_0.5:0.95,        val/box_loss,        val/obj_loss,        val/cls_loss,               x/lr0,               x/lr1,               x/lr2
                   0,             0.11533,            0.029828,            0.041186,           0.0008321,             0.16141,          0.00060978,          0.00013443,             0.09725,            0.022879,             0.03272,               0.091,               0.001,               0.001
                   1,              0.1066,             0.03247,            0.040711,           0.0027659,             0.60936,            0.015509,           0.0042154,            0.069797,            0.022879,            0.027073,            0.081093,           0.0020931,           0.0020931
                   2,               0.088,            0.035105,             0.03503,           0.0036984,             0.86365,             0.11619,            0.029984,            0.058767,            0.021927,            0.023829,            0.071179,           0.0031789,           0.0031789
                   3,            0.083232,            0.029528,            0.031256,             0.52433,            0.074166,             0.19658,            0.065547,            0.055082,            0.020013,             0.02002,            0.061257,           0.0042574,           0.0042574
                   4,            0.069034,            0.026616,            0.024731,              0.4639,             0.19089,             0.22767,            0.082117,            0.054328,            0.017791,            0.016649,            0.051329,           0.0053287,           0.0053287
                   5,            0.066251,            0.026295,            0.022083,             0.52057,             0.32389,             0.37027,             0.12252,            0.056856,            0.015964,            0.012954,            0.041393,           0.0063927,           0.0063927
                   6,            0.071489,            0.027638,            0.022299,             0.78566,             0.27162,             0.36242,             0.11489,            0.053889,            0.014581,           0.0098013,             0.03145,           0.0074495,           0.0074495
                   7,              0.0622,             0.02278,            0.017646,             0.56811,             0.42696,             0.30356,             0.09922,            0.052718,            0.013956,           0.0083527,            0.021499,            0.008499,            0.008499
                   8,            0.069339,            0.024869,            0.016364,              0.4478,             0.48368,             0.38539,              0.1236,            0.061537,            0.011704,           0.0067874,            0.011541,           0.0095413,           0.0095413
                   9,            0.070677,            0.022707,            0.014607,             0.19328,             0.44227,             0.28722,            0.089658,            0.055369,            0.011087,           0.0066076,            0.009703,            0.009703,            0.009703
                  10,            0.070939,            0.020428,            0.012199,             0.34904,             0.58571,             0.37907,             0.13915,              0.0593,            0.010963,           0.0061805,            0.009703,            0.009703,            0.009703
                  11,            0.071041,            0.022607,            0.011553,             0.45842,             0.51792,               0.472,             0.19699,            0.047202,            0.010957,           0.0052728,             0.00967,             0.00967,             0.00967
                  12,            0.064865,             0.02127,            0.009344,               0.419,             0.51313,             0.36831,             0.14616,            0.050713,            0.010495,           0.0043086,            0.009637,            0.009637,            0.009637
                  13,            0.058813,            0.016887,           0.0081012,             0.40725,             0.60605,             0.58174,             0.22989,            0.051962,           0.0099401,           0.0037587,            0.009604,            0.009604,            0.009604
                  14,            0.061379,            0.022273,           0.0089485,             0.31015,             0.69369,             0.49667,             0.15123,             0.05378,            0.010081,           0.0028809,            0.009571,            0.009571,            0.009571
                  15,            0.058406,            0.017923,           0.0085845,             0.46605,             0.48328,              0.4925,             0.16535,            0.044675,           0.0096367,           0.0032225,            0.009538,            0.009538,            0.009538
                  16,            0.057566,            0.017362,           0.0068516,               0.313,             0.47621,             0.37889,             0.12359,            0.054002,           0.0086818,           0.0024252,            0.009505,            0.009505,            0.009505
                  17,            0.065352,            0.017182,           0.0078684,              0.3799,             0.61337,             0.47406,             0.19547,            0.051959,           0.0083486,           0.0022944,            0.009472,            0.009472,            0.009472
                  18,            0.064119,            0.018434,           0.0068999,             0.44684,             0.55837,              0.5418,             0.15685,            0.052574,           0.0081842,           0.0023915,            0.009439,            0.009439,            0.009439
                  19,            0.059038,            0.019274,           0.0073618,             0.44112,             0.73419,             0.56372,             0.23821,            0.048629,           0.0077724,           0.0029961,            0.009406,            0.009406,            0.009406
                  20,            0.059785,            0.017639,           0.0074561,             0.59412,             0.61322,             0.64425,              0.2785,            0.044527,            0.007808,           0.0033717,            0.009373,            0.009373,            0.009373
                  21,             0.05646,            0.016917,           0.0067222,             0.74048,             0.65192,             0.75948,             0.36566,            0.040752,           0.0078338,           0.0031626,             0.00934,             0.00934,             0.00934
                  22,            0.055832,            0.017849,           0.0080338,             0.45204,             0.84958,             0.60215,             0.24031,             0.04172,           0.0080509,           0.0031467,            0.009307,            0.009307,            0.009307
                  23,            0.052883,            0.016689,           0.0058044,             0.58766,             0.87246,             0.73706,             0.35896,            0.043315,           0.0075897,           0.0037693,            0.009274,            0.009274,            0.009274
                  24,            0.050358,            0.017251,            0.010329,             0.48534,             0.82056,              0.6193,             0.24225,            0.043159,           0.0075707,           0.0039725,            0.009241,            0.009241,            0.009241
                  25,            0.052494,            0.016082,             0.00621,             0.62416,             0.94494,             0.78753,             0.32258,            0.039248,           0.0071919,           0.0037447,            0.009208,            0.009208,            0.009208
                  26,            0.052914,            0.016252,           0.0064828,             0.68385,             0.83419,             0.82299,             0.44845,            0.043816,           0.0071384,           0.0026024,            0.009175,            0.009175,            0.009175
                  27,            0.052062,            0.015712,           0.0059985,             0.58223,             0.85389,             0.75669,             0.44186,            0.034234,            0.007047,           0.0021669,            0.009142,            0.009142,            0.009142
                  28,            0.047492,            0.015843,           0.0042292,             0.54221,             0.80211,             0.72386,             0.36804,            0.043773,           0.0066998,           0.0020931,            0.009109,            0.009109,            0.009109
                  29,            0.047006,            0.013927,           0.0042714,             0.60769,             0.89386,             0.78733,             0.41641,            0.042181,           0.0066376,           0.0021494,            0.009076,            0.009076,            0.009076
                  30,            0.049554,            0.015093,           0.0052368,             0.63731,             0.89012,             0.87491,             0.49645,            0.032899,            0.006707,           0.0020578,            0.009043,            0.009043,            0.009043
                  31,            0.045108,            0.015028,           0.0054467,             0.53944,             0.87999,             0.75302,             0.38491,            0.040815,           0.0066137,            0.001882,             0.00901,             0.00901,             0.00901
                  32,            0.052602,            0.014489,           0.0070944,             0.61777,             0.84988,             0.87109,             0.51032,            0.032143,           0.0067079,           0.0018841,            0.008977,            0.008977,            0.008977
                  33,            0.046217,            0.015164,           0.0051298,             0.76285,             0.87191,             0.86951,             0.46295,            0.043685,           0.0064066,           0.0019667,            0.008944,            0.008944,            0.008944
                  34,            0.051069,            0.015999,           0.0046484,             0.73591,             0.87764,             0.88255,             0.52133,             0.03975,           0.0061723,            0.002025,            0.008911,            0.008911,            0.008911
                  35,            0.053108,            0.014926,           0.0053816,             0.65672,             0.72738,             0.82678,             0.44426,            0.037819,           0.0061351,            0.002319,            0.008878,            0.008878,            0.008878
                  36,            0.046492,             0.01452,           0.0043688,             0.71501,             0.87518,             0.87446,             0.48257,            0.031036,           0.0062104,           0.0025665,            0.008845,            0.008845,            0.008845
                  37,            0.039781,            0.016543,           0.0065559,             0.82355,             0.88641,             0.90895,             0.55668,            0.027858,           0.0062664,           0.0022657,            0.008812,            0.008812,            0.008812
                  38,            0.044651,            0.015365,           0.0060146,             0.80252,             0.89862,             0.88175,             0.52399,            0.031446,           0.0062115,           0.0021529,            0.008779,            0.008779,            0.008779
                  39,            0.044182,            0.016808,           0.0048429,             0.72702,              0.8976,             0.93098,             0.51227,            0.029662,           0.0061938,           0.0019194,            0.008746,            0.008746,            0.008746
                  40,            0.043037,            0.014873,           0.0046123,             0.88278,             0.87048,             0.95986,             0.59165,            0.033733,           0.0060924,            0.001724,            0.008713,            0.008713,            0.008713
                  41,            0.042775,            0.013494,           0.0036665,             0.82721,             0.84512,               0.936,             0.49526,            0.031086,           0.0060144,           0.0017029,             0.00868,             0.00868,             0.00868
                  42,            0.038865,            0.013168,           0.0033595,             0.92067,             0.91561,             0.97725,             0.64742,            0.030559,            0.005953,           0.0017219,            0.008647,            0.008647,            0.008647
                  43,            0.043708,            0.013917,           0.0042773,             0.89241,             0.93242,             0.98405,             0.59418,            0.028032,           0.0061238,           0.0017639,            0.008614,            0.008614,            0.008614
                  44,            0.041028,            0.017626,           0.0074638,             0.89638,                   1,             0.98519,             0.62922,            0.023646,           0.0060951,           0.0017841,            0.008581,            0.008581,            0.008581
                  45,            0.042951,            0.017814,           0.0044305,             0.82733,             0.93112,             0.96947,             0.62465,            0.029911,            0.006031,           0.0017771,            0.008548,            0.008548,            0.008548
                  46,            0.043114,            0.013819,           0.0034503,              0.7568,             0.97228,             0.96639,             0.66478,            0.032166,           0.0056809,           0.0017455,            0.008515,            0.008515,            0.008515
                  47,            0.044506,            0.013685,           0.0045265,             0.93687,             0.88179,              0.9876,              0.6064,            0.031868,           0.0058212,           0.0016418,            0.008482,            0.008482,            0.008482
                  48,            0.044203,            0.014953,           0.0040712,             0.75778,             0.97314,             0.92122,             0.54597,            0.030345,           0.0057691,           0.0016094,            0.008449,            0.008449,            0.008449
                  49,            0.047728,             0.01503,           0.0041709,             0.90157,             0.90935,             0.97069,             0.54606,            0.030043,           0.0056263,           0.0015959,            0.008416,            0.008416,            0.008416
                  50,            0.041246,            0.014749,           0.0041525,             0.91916,              0.9861,             0.97462,             0.62047,              0.0244,           0.0056039,           0.0014933,            0.008383,            0.008383,            0.008383
                  51,            0.037369,            0.014176,           0.0048284,             0.90565,             0.96429,             0.97479,             0.63412,            0.023498,           0.0054079,           0.0014835,             0.00835,             0.00835,             0.00835
                  52,            0.040388,            0.013839,           0.0036955,             0.78395,             0.95883,             0.94297,              0.5616,             0.02999,           0.0054536,           0.0015029,            0.008317,            0.008317,            0.008317
                  53,            0.039861,            0.013742,           0.0040575,             0.95361,             0.94462,             0.98577,             0.67838,            0.023059,           0.0053757,           0.0015099,            0.008284,            0.008284,            0.008284
                  54,            0.038331,            0.014376,           0.0067972,             0.93268,             0.94047,             0.96205,              0.6664,            0.022172,           0.0055132,           0.0015503,            0.008251,            0.008251,            0.008251
                  55,            0.034063,            0.011526,           0.0028871,             0.97189,             0.94696,             0.99302,             0.58504,            0.025857,           0.0054139,           0.0015179,            0.008218,            0.008218,            0.008218
                  56,            0.036141,            0.013423,           0.0038002,             0.88493,              0.9458,             0.97676,             0.63031,            0.028409,           0.0053177,           0.0013988,            0.008185,            0.008185,            0.008185
                  57,            0.045888,            0.012998,           0.0041886,             0.94496,             0.97685,             0.99087,             0.58756,            0.031062,           0.0052807,           0.0014373,            0.008152,            0.008152,            0.008152
                  58,            0.041521,            0.013202,           0.0058955,             0.90293,             0.97497,             0.98711,             0.72908,            0.026614,           0.0053713,           0.0014408,            0.008119,            0.008119,            0.008119
                  59,             0.03839,             0.01534,           0.0044229,             0.89681,             0.96003,             0.97019,             0.60993,             0.02804,           0.0053301,           0.0013987,            0.008086,            0.008086,            0.008086
                  60,            0.042155,            0.012936,             0.00517,              0.8381,             0.97973,             0.94037,             0.60101,             0.03405,           0.0054316,           0.0013947,            0.008053,            0.008053,            0.008053
                  61,            0.039561,            0.013492,           0.0026947,              0.9441,             0.95072,             0.98177,             0.62835,             0.02505,            0.005433,           0.0014701,             0.00802,             0.00802,             0.00802
                  62,            0.042611,            0.013586,           0.0045229,             0.87293,             0.90785,             0.94894,             0.62037,            0.027142,           0.0052644,           0.0017625,            0.007987,            0.007987,            0.007987
                  63,            0.038826,            0.012225,           0.0050874,              0.8571,             0.96694,             0.92773,             0.56651,            0.026215,           0.0052759,           0.0018896,            0.007954,            0.007954,            0.007954
                  64,            0.041253,            0.012623,           0.0057765,             0.88301,             0.95475,             0.96847,             0.67579,            0.023626,            0.005169,           0.0021175,            0.007921,            0.007921,            0.007921
                  65,            0.033764,            0.012927,           0.0041254,             0.77659,             0.96094,             0.89718,              0.6211,            0.026204,           0.0050967,           0.0017653,            0.007888,            0.007888,            0.007888
                  66,            0.037569,             0.01422,           0.0030136,             0.89031,             0.98343,             0.96362,             0.68562,            0.026526,           0.0050392,           0.0016541,            0.007855,            0.007855,            0.007855
                  67,            0.036091,             0.01355,           0.0029792,             0.97405,                   1,             0.99318,             0.67726,            0.027157,           0.0049922,           0.0015035,            0.007822,            0.007822,            0.007822
                  68,            0.036711,            0.012797,           0.0039649,             0.96012,                   1,             0.99077,             0.72863,            0.021401,           0.0049503,           0.0014516,            0.007789,            0.007789,            0.007789
                  69,            0.033071,            0.014135,           0.0033285,              0.9839,             0.99696,               0.995,             0.74563,            0.020381,           0.0049206,           0.0014026,            0.007756,            0.007756,            0.007756
                  70,            0.033506,             0.01357,           0.0027959,             0.89293,             0.99138,              0.9654,              0.6638,            0.023352,           0.0050472,           0.0013068,            0.007723,            0.007723,            0.007723
                  71,            0.032843,            0.013281,           0.0038627,             0.98383,             0.99456,             0.99392,             0.72413,            0.020066,           0.0048546,            0.001302,             0.00769,             0.00769,             0.00769
                  72,            0.030704,            0.012522,           0.0022079,             0.79987,             0.97609,             0.95036,             0.62368,            0.028524,            0.005166,           0.0012228,            0.007657,            0.007657,            0.007657
                  73,            0.038465,              0.0122,           0.0040246,             0.91817,             0.98611,             0.97732,             0.64909,            0.023245,           0.0052057,           0.0012734,            0.007624,            0.007624,            0.007624
                  74,             0.03399,            0.013352,           0.0062611,             0.99577,             0.95134,              0.9695,              0.7416,            0.021709,           0.0053212,           0.0016157,            0.007591,            0.007591,            0.007591
                  75,            0.033986,            0.013928,            0.002756,             0.81196,             0.95943,             0.91641,             0.58164,            0.032163,           0.0054523,            0.001683,            0.007558,            0.007558,            0.007558
                  76,            0.035966,            0.010667,           0.0043616,             0.77699,             0.96851,             0.92413,             0.66553,            0.026263,           0.0051825,           0.0017308,            0.007525,            0.007525,            0.007525
                  77,            0.034128,            0.011934,             0.00583,             0.88301,             0.96339,             0.94719,             0.70463,             0.02212,           0.0050586,           0.0017523,            0.007492,            0.007492,            0.007492
                  78,             0.03322,            0.012559,           0.0034411,             0.88144,              0.9681,             0.96571,             0.70622,            0.023976,           0.0049792,           0.0016832,            0.007459,            0.007459,            0.007459
                  79,            0.034406,            0.013636,           0.0031421,             0.96703,             0.97116,             0.99173,             0.74043,            0.022568,           0.0049116,           0.0017926,            0.007426,            0.007426,            0.007426
                  80,            0.032608,            0.013278,           0.0031808,             0.94254,             0.97458,             0.98525,             0.71729,            0.020313,           0.0048868,           0.0016574,            0.007393,            0.007393,            0.007393
                  81,            0.034729,            0.011487,           0.0024973,             0.92062,             0.91244,              0.9771,             0.65993,            0.025492,           0.0048885,           0.0015318,             0.00736,             0.00736,             0.00736
                  82,            0.033963,            0.011783,           0.0024106,             0.91877,             0.94206,             0.98325,             0.73905,            0.024215,           0.0046761,           0.0015325,            0.007327,            0.007327,            0.007327
                  83,            0.034753,            0.012142,           0.0027758,              0.9923,              0.9847,             0.99475,             0.73019,            0.021005,           0.0046127,            0.001464,            0.007294,            0.007294,            0.007294
                  84,            0.031481,            0.011999,           0.0037325,               0.888,             0.99451,             0.98958,             0.68131,            0.027865,             0.00477,           0.0014736,            0.007261,            0.007261,            0.007261
                  85,             0.03336,            0.012511,           0.0031719,             0.90813,             0.99248,             0.99172,             0.72833,            0.025194,           0.0046892,           0.0014773,            0.007228,            0.007228,            0.007228
                  86,            0.034116,            0.014165,           0.0039963,             0.91971,             0.95649,              0.9862,             0.62778,            0.027204,           0.0048365,           0.0014925,            0.007195,            0.007195,            0.007195
                  87,            0.033842,            0.012317,           0.0062866,             0.99244,             0.97649,               0.995,             0.74246,            0.019992,           0.0047472,           0.0015088,            0.007162,            0.007162,            0.007162
                  88,            0.034379,             0.01355,           0.0046257,             0.87923,             0.96008,             0.97606,             0.70601,            0.025151,           0.0047395,           0.0014842,            0.007129,            0.007129,            0.007129
                  89,            0.035796,            0.013653,           0.0029334,             0.98105,             0.98463,             0.99371,             0.68892,            0.022107,           0.0048221,           0.0014698,            0.007096,            0.007096,            0.007096
                  90,            0.034753,             0.01307,            0.003572,             0.99424,             0.98727,               0.995,             0.74743,            0.018944,           0.0046809,           0.0014478,            0.007063,            0.007063,            0.007063
                  91,            0.027439,            0.011563,           0.0030456,             0.90446,             0.95655,              0.9767,             0.76416,            0.025195,           0.0046066,            0.001406,             0.00703,             0.00703,             0.00703
                  92,            0.035158,            0.012249,           0.0030057,             0.85585,             0.99636,             0.93505,             0.73624,            0.022268,           0.0045363,           0.0013814,            0.006997,            0.006997,            0.006997
                  93,             0.02904,             0.01189,           0.0034776,             0.98667,             0.99682,             0.99475,             0.78506,            0.020359,           0.0045116,           0.0013786,            0.006964,            0.006964,            0.006964
                  94,            0.030112,            0.010806,           0.0025457,             0.99187,             0.99259,               0.995,              0.7079,            0.022138,           0.0046536,           0.0012686,            0.006931,            0.006931,            0.006931
                  95,            0.032114,             0.01183,           0.0028621,             0.92084,               0.999,             0.98882,              0.7377,            0.020495,           0.0046306,           0.0012657,            0.006898,            0.006898,            0.006898
                  96,             0.03186,            0.011358,           0.0030502,             0.96005,                   1,             0.99434,             0.69028,            0.021016,           0.0046147,           0.0012204,            0.006865,            0.006865,            0.006865
                  97,            0.031639,            0.010968,           0.0026849,             0.96948,                   1,             0.99156,             0.74644,            0.022492,           0.0045195,           0.0012393,            0.006832,            0.006832,            0.006832
                  98,            0.030702,            0.013398,           0.0028215,             0.98654,                   1,               0.995,             0.77001,            0.019072,           0.0045731,           0.0012487,            0.006799,            0.006799,            0.006799
                  99,            0.027893,            0.011341,           0.0020826,             0.93474,              0.9961,             0.99273,             0.69359,            0.022707,           0.0046437,            0.001208,            0.006766,            0.006766,            0.006766
                 100,            0.036402,            0.013248,           0.0038318,             0.90246,             0.99206,             0.99042,             0.66106,            0.023519,           0.0047401,           0.0011838,            0.006733,            0.006733,            0.006733
                 101,            0.032637,            0.010383,           0.0028652,             0.91726,             0.98388,             0.99145,             0.73668,            0.021142,           0.0045071,           0.0011656,              0.0067,              0.0067,              0.0067
                 102,            0.033189,             0.01248,           0.0022547,             0.91248,             0.99591,             0.99188,             0.74318,            0.021017,           0.0045435,            0.001257,            0.006667,            0.006667,            0.006667
                 103,            0.032045,            0.011579,           0.0026767,             0.92823,             0.99778,             0.99188,              0.7825,            0.017493,           0.0044756,           0.0012986,            0.006634,            0.006634,            0.006634
                 104,            0.029854,            0.012022,           0.0049695,             0.95686,             0.99856,             0.99017,              0.7622,             0.02037,           0.0044616,           0.0014695,            0.006601,            0.006601,            0.006601
                 105,            0.031276,             0.01167,           0.0034255,             0.99055,             0.99985,               0.995,             0.77068,            0.017995,           0.0043915,           0.0014144,            0.006568,            0.006568,            0.006568
                 106,            0.031635,            0.012383,            0.004061,             0.99094,             0.99777,               0.995,             0.75807,            0.018746,           0.0043475,           0.0014607,            0.006535,            0.006535,            0.006535
                 107,            0.029152,              0.0112,           0.0019926,             0.97968,                   1,               0.995,             0.69704,            0.021691,           0.0045457,           0.0013692,            0.006502,            0.006502,            0.006502
                 108,            0.034326,           0.0099765,           0.0024336,             0.96321,                   1,             0.99278,             0.73801,             0.02068,           0.0044905,           0.0013457,            0.006469,            0.006469,            0.006469
                 109,            0.027876,            0.010265,           0.0028184,             0.94902,                   1,             0.98761,             0.79211,            0.015712,           0.0043447,           0.0013535,            0.006436,            0.006436,            0.006436
                 110,            0.027019,            0.012131,           0.0024694,             0.97968,                   1,               0.995,             0.69784,            0.019419,           0.0044094,           0.0012466,            0.006403,            0.006403,            0.006403
                 111,            0.033529,            0.011312,           0.0033002,              0.9803,                   1,               0.995,             0.75502,            0.018197,           0.0043412,           0.0011921,             0.00637,             0.00637,             0.00637
                 112,            0.025798,            0.011496,           0.0020296,             0.98239,             0.99845,               0.995,             0.78487,            0.017931,           0.0043696,           0.0010737,            0.006337,            0.006337,            0.006337
                 113,            0.029105,            0.011497,           0.0030439,             0.91541,             0.99931,             0.99143,             0.76808,            0.020322,            0.004368,            0.001051,            0.006304,            0.006304,            0.006304
                 114,            0.027336,             0.01128,           0.0019931,              0.9415,             0.97516,             0.98022,             0.78867,            0.019077,           0.0043384,           0.0010004,            0.006271,            0.006271,            0.006271
                 115,            0.026082,            0.011301,           0.0019282,             0.88107,                   1,             0.94468,             0.75701,            0.020191,           0.0042274,          0.00097207,            0.006238,            0.006238,            0.006238
                 116,            0.030937,            0.010518,           0.0031575,             0.95074,             0.99815,             0.99386,             0.78915,            0.016453,           0.0041436,           0.0010309,            0.006205,            0.006205,            0.006205
                 117,            0.025533,            0.012976,           0.0017206,             0.98138,             0.99743,               0.995,             0.79449,            0.017834,           0.0040793,           0.0010934,            0.006172,            0.006172,            0.006172
                 118,            0.025915,            0.010578,           0.0019562,             0.97471,                   1,             0.99196,             0.77717,            0.019066,           0.0042187,           0.0011808,            0.006139,            0.006139,            0.006139
                 119,              0.0294,            0.010626,             0.00246,             0.95157,                   1,             0.99255,             0.76244,            0.019333,           0.0043678,           0.0012094,            0.006106,            0.006106,            0.006106
                 120,            0.029473,            0.010332,           0.0021391,             0.98753,                   1,               0.995,             0.82804,            0.016169,           0.0040755,           0.0011749,            0.006073,            0.006073,            0.006073
                 121,            0.029553,            0.011378,           0.0021513,             0.98514,                   1,               0.995,             0.80273,            0.015902,           0.0039935,           0.0011376,             0.00604,             0.00604,             0.00604
                 122,            0.028843,            0.010054,           0.0017949,             0.98503,             0.99834,               0.995,             0.80431,             0.01529,            0.004005,           0.0011117,            0.006007,            0.006007,            0.006007
                 123,             0.02892,            0.009798,           0.0026439,             0.98589,             0.99818,               0.995,             0.81615,            0.014872,           0.0040147,           0.0010379,            0.005974,            0.005974,            0.005974
                 124,            0.030136,           0.0090453,           0.0031366,             0.91637,             0.99167,              0.9777,             0.77285,            0.022582,           0.0041123,           0.0010087,            0.005941,            0.005941,            0.005941
                 125,            0.028088,            0.010607,            0.003173,             0.97901,             0.99424,               0.995,             0.81981,            0.019479,           0.0040922,           0.0010007,            0.005908,            0.005908,            0.005908
                 126,            0.030073,            0.010196,           0.0019057,             0.98875,             0.99729,               0.995,             0.76982,            0.017595,           0.0042353,           0.0010156,            0.005875,            0.005875,            0.005875
                 127,            0.027523,            0.010788,            0.002547,             0.99058,             0.99825,               0.995,             0.80117,            0.014665,           0.0040852,            0.001039,            0.005842,            0.005842,            0.005842
                 128,            0.023556,           0.0098622,           0.0016971,             0.95917,             0.99743,             0.99067,             0.76595,            0.019468,           0.0041914,           0.0010612,            0.005809,            0.005809,            0.005809
                 129,            0.026201,            0.011469,           0.0026268,             0.97855,             0.99743,               0.993,             0.77712,            0.015075,           0.0041691,           0.0010828,            0.005776,            0.005776,            0.005776
                 130,            0.027786,           0.0095485,           0.0018887,             0.98835,             0.99897,               0.995,             0.81119,            0.016375,            0.004144,            0.001093,            0.005743,            0.005743,            0.005743
                 131,             0.02574,            0.012638,           0.0028339,             0.89499,             0.99968,             0.97384,              0.7749,            0.018188,           0.0042465,           0.0010876,             0.00571,             0.00571,             0.00571
                 132,            0.028079,            0.010425,           0.0018895,             0.89895,             0.99881,             0.97236,             0.76861,             0.01885,           0.0043659,           0.0010493,            0.005677,            0.005677,            0.005677
                 133,            0.027669,            0.010202,           0.0025689,             0.98409,             0.99822,               0.995,             0.80654,            0.016216,           0.0043559,           0.0010572,            0.005644,            0.005644,            0.005644
                 134,            0.028569,            0.011447,           0.0024306,             0.98535,             0.99956,               0.995,             0.79491,             0.01516,           0.0042116,           0.0010472,            0.005611,            0.005611,            0.005611
                 135,            0.030224,            0.011916,           0.0018208,             0.98866,                   1,               0.995,             0.73263,            0.020237,           0.0042615,           0.0010765,            0.005578,            0.005578,            0.005578
                 136,            0.029402,            0.011803,           0.0024001,             0.98541,                   1,               0.995,             0.71754,            0.018967,           0.0042892,           0.0010917,            0.005545,            0.005545,            0.005545
                 137,            0.026966,             0.01008,           0.0019649,             0.98917,                   1,               0.995,              0.8166,            0.016013,           0.0040177,           0.0011447,            0.005512,            0.005512,            0.005512
                 138,            0.025757,            0.010584,           0.0016909,             0.99004,                   1,               0.995,               0.802,            0.015847,           0.0039856,           0.0011532,            0.005479,            0.005479,            0.005479
                 139,            0.026992,           0.0097123,           0.0036478,             0.99134,                   1,               0.995,             0.80541,            0.015924,           0.0040006,           0.0010805,            0.005446,            0.005446,            0.005446
                 140,            0.024763,            0.011322,            0.002025,             0.99142,                   1,               0.995,             0.78157,            0.017305,           0.0041022,          0.00097516,            0.005413,            0.005413,            0.005413
                 141,            0.023459,           0.0094467,           0.0018605,             0.99118,                   1,               0.995,             0.81675,            0.014179,           0.0040053,          0.00096856,             0.00538,             0.00538,             0.00538
                 142,            0.025004,            0.009633,           0.0020241,             0.99298,                   1,               0.995,             0.78926,             0.01798,           0.0041181,          0.00094404,            0.005347,            0.005347,            0.005347
                 143,             0.02812,           0.0099916,           0.0018573,             0.99339,                   1,               0.995,             0.82836,            0.015478,           0.0040649,          0.00093677,            0.005314,            0.005314,            0.005314
                 144,            0.027686,            0.010863,           0.0021105,             0.99316,                   1,               0.995,             0.75453,            0.017534,           0.0042195,          0.00088412,            0.005281,            0.005281,            0.005281
                 145,              0.0265,           0.0099012,            0.001842,             0.99353,                   1,               0.995,             0.81844,             0.01431,           0.0041027,           0.0008989,            0.005248,            0.005248,            0.005248
                 146,            0.025806,           0.0095366,           0.0015383,             0.99361,              0.9998,               0.995,             0.83627,             0.01362,           0.0040453,          0.00089435,            0.005215,            0.005215,            0.005215
                 147,            0.025333,            0.012107,           0.0018559,             0.99444,                   1,               0.995,             0.79226,            0.015028,           0.0040052,          0.00083276,            0.005182,            0.005182,            0.005182
                 148,            0.026721,            0.010239,           0.0014728,             0.99326,                   1,               0.995,             0.81976,            0.015535,             0.00389,          0.00080342,            0.005149,            0.005149,            0.005149
                 149,            0.024148,            0.010495,           0.0022373,             0.99365,                   1,               0.995,               0.832,            0.015167,           0.0038688,          0.00078414,            0.005116,            0.005116,            0.005116
                 150,            0.023914,           0.0096463,            0.001703,             0.99368,                   1,               0.995,             0.84214,            0.014506,           0.0038875,          0.00075565,            0.005083,            0.005083,            0.005083
                 151,            0.026406,            0.011742,           0.0015095,             0.99414,                   1,               0.995,             0.83287,            0.014164,           0.0038628,          0.00073977,             0.00505,             0.00505,             0.00505
                 152,            0.024501,            0.010821,           0.0013941,             0.99521,             0.99999,               0.995,             0.78722,            0.020637,           0.0040069,          0.00072581,            0.005017,            0.005017,            0.005017
                 153,            0.028266,           0.0098061,           0.0021648,             0.99575,                   1,               0.995,              0.8575,            0.014398,           0.0037567,          0.00073859,            0.004984,            0.004984,            0.004984
                 154,            0.024638,           0.0095412,           0.0013095,             0.99616,                   1,               0.995,             0.84054,            0.015416,           0.0037701,          0.00075201,            0.004951,            0.004951,            0.004951
                 155,            0.022552,           0.0097049,           0.0012021,             0.99617,             0.99943,               0.995,             0.82238,             0.01649,            0.003842,          0.00076593,            0.004918,            0.004918,            0.004918
                 156,            0.026329,            0.011819,           0.0015453,             0.99651,             0.99825,               0.995,              0.8284,            0.015435,           0.0037391,          0.00077788,            0.004885,            0.004885,            0.004885
                 157,            0.021117,           0.0091361,           0.0013449,             0.99702,             0.99893,               0.995,             0.82158,            0.016229,           0.0037534,          0.00080848,            0.004852,            0.004852,            0.004852
                 158,            0.024902,            0.010211,           0.0014114,             0.99554,             0.99889,               0.995,             0.83093,            0.015561,           0.0037669,          0.00082458,            0.004819,            0.004819,            0.004819
                 159,             0.02448,           0.0090341,           0.0024106,             0.99588,                   1,               0.995,             0.86525,            0.014011,           0.0036342,          0.00084896,            0.004786,            0.004786,            0.004786
                 160,            0.024638,           0.0099331,           0.0011811,             0.99524,                   1,               0.995,             0.85402,            0.014539,           0.0037712,          0.00086652,            0.004753,            0.004753,            0.004753
                 161,            0.024761,            0.011158,           0.0014765,             0.99485,                   1,               0.995,             0.87115,            0.014492,           0.0037167,           0.0008656,             0.00472,             0.00472,             0.00472
                 162,            0.023585,           0.0086067,           0.0024693,             0.99509,                   1,               0.995,             0.85262,            0.015597,           0.0036458,          0.00085607,            0.004687,            0.004687,            0.004687
                 163,            0.023715,           0.0095435,           0.0016186,             0.97397,                   1,             0.99342,             0.83593,            0.018091,           0.0037502,          0.00086847,            0.004654,            0.004654,            0.004654
                 164,            0.024912,            0.010453,           0.0014622,             0.99507,                   1,               0.995,             0.85926,              0.0151,           0.0036469,           0.0008772,            0.004621,            0.004621,            0.004621
                 165,             0.02226,           0.0092604,            0.001282,             0.99554,                   1,               0.995,              0.8656,            0.014748,           0.0036374,          0.00089228,            0.004588,            0.004588,            0.004588
                 166,            0.025247,           0.0088866,            0.001865,             0.99585,                   1,               0.995,             0.82173,            0.015255,           0.0037741,           0.0009087,            0.004555,            0.004555,            0.004555
                 167,            0.026453,            0.010615,           0.0013033,             0.99556,                   1,               0.995,             0.84391,            0.013493,           0.0036995,          0.00090421,            0.004522,            0.004522,            0.004522
                 168,            0.026127,             0.00915,            0.002688,             0.99477,                   1,               0.995,             0.84059,            0.013487,           0.0036633,          0.00087675,            0.004489,            0.004489,            0.004489
                 169,            0.023729,            0.011096,           0.0014367,             0.99454,                   1,               0.995,             0.85923,            0.013605,           0.0036337,           0.0008766,            0.004456,            0.004456,            0.004456
                 170,            0.025144,           0.0093516,           0.0015697,             0.99568,                   1,               0.995,             0.86795,            0.014454,           0.0036297,          0.00086574,            0.004423,            0.004423,            0.004423
                 171,            0.022529,           0.0097618,           0.0012818,             0.99569,                   1,               0.995,             0.81722,            0.014095,           0.0037786,          0.00082937,             0.00439,             0.00439,             0.00439
                 172,            0.023391,           0.0091664,           0.0014851,             0.99532,                   1,               0.995,             0.84233,            0.014101,            0.003708,          0.00080713,            0.004357,            0.004357,            0.004357
                 173,            0.022097,            0.008372,           0.0021478,             0.99443,                   1,               0.995,             0.84821,            0.012722,           0.0036927,          0.00081346,            0.004324,            0.004324,            0.004324
                 174,            0.022625,           0.0089323,           0.0010048,             0.99347,                   1,               0.995,             0.83252,            0.013169,           0.0037709,          0.00080096,            0.004291,            0.004291,            0.004291
                 175,            0.021511,           0.0093498,           0.0013087,             0.99335,                   1,               0.995,             0.85971,            0.011544,           0.0036491,           0.0007842,            0.004258,            0.004258,            0.004258
                 176,            0.021434,           0.0086118,           0.0013358,             0.99278,                   1,               0.995,             0.81599,            0.012925,           0.0038315,           0.0007333,            0.004225,            0.004225,            0.004225
                 177,            0.025118,            0.010792,           0.0013205,             0.99165,                   1,               0.995,             0.84908,            0.014841,           0.0036867,          0.00071412,            0.004192,            0.004192,            0.004192
                 178,            0.023796,            0.010221,           0.0012822,             0.99097,                   1,               0.995,              0.8435,            0.011618,           0.0036019,          0.00070321,            0.004159,            0.004159,            0.004159
                 179,            0.022037,           0.0096357,           0.0013711,             0.99077,                   1,               0.995,             0.81806,            0.013426,           0.0036587,          0.00069486,            0.004126,            0.004126,            0.004126
                 180,             0.02136,           0.0085836,           0.0014772,             0.99087,                   1,               0.995,             0.84795,            0.013231,           0.0035639,          0.00070604,            0.004093,            0.004093,            0.004093
                 181,            0.023146,           0.0082792,           0.0013428,             0.99153,                   1,               0.995,             0.83793,            0.013599,           0.0035739,            0.000727,             0.00406,             0.00406,             0.00406
                 182,            0.024394,             0.01029,           0.0012649,             0.99126,                   1,               0.995,             0.82373,            0.012698,           0.0036566,          0.00074649,            0.004027,            0.004027,            0.004027
                 183,            0.022711,           0.0081275,           0.0012412,             0.99185,                   1,               0.995,              0.8566,             0.01224,           0.0035935,          0.00076602,            0.003994,            0.003994,            0.003994
                 184,             0.02209,           0.0092864,           0.0012688,             0.99353,                   1,               0.995,             0.85357,            0.011471,           0.0034663,          0.00077525,            0.003961,            0.003961,            0.003961
                 185,            0.022644,           0.0095545,           0.0043435,             0.99504,                   1,               0.995,             0.86494,            0.010674,             0.00342,          0.00076351,            0.003928,            0.003928,            0.003928
                 186,            0.021228,            0.008963,           0.0028436,             0.99573,                   1,               0.995,             0.86916,            0.011506,           0.0034475,          0.00074509,            0.003895,            0.003895,            0.003895
                 187,            0.021966,           0.0095728,           0.0013526,             0.99594,                   1,               0.995,             0.85248,            0.014214,           0.0035185,           0.0007094,            0.003862,            0.003862,            0.003862
                 188,            0.024731,            0.010262,           0.0013282,              0.9957,                   1,               0.995,             0.87991,            0.012042,           0.0035405,          0.00069318,            0.003829,            0.003829,            0.003829
                 189,            0.019716,           0.0093575,           0.0010537,             0.99486,                   1,               0.995,             0.87714,            0.012496,           0.0034954,          0.00066823,            0.003796,            0.003796,            0.003796
                 190,            0.021758,           0.0081359,           0.0012579,             0.99582,                   1,               0.995,             0.82659,            0.012904,           0.0035544,          0.00064336,            0.003763,            0.003763,            0.003763
                 191,            0.021981,            0.010635,           0.0015145,             0.99549,                   1,               0.995,             0.84624,            0.012027,           0.0035038,          0.00063509,             0.00373,             0.00373,             0.00373
                 192,            0.019291,           0.0087176,          0.00095932,             0.99462,                   1,               0.995,             0.82572,            0.014724,           0.0035506,          0.00062107,            0.003697,            0.003697,            0.003697
                 193,            0.023092,           0.0094456,           0.0016011,             0.99531,                   1,               0.995,             0.86196,              0.0127,           0.0033614,           0.0006195,            0.003664,            0.003664,            0.003664
                 194,            0.019664,           0.0086253,          0.00090502,              0.9959,                   1,               0.995,             0.86029,            0.012248,           0.0033784,           0.0006212,            0.003631,            0.003631,            0.003631
                 195,            0.020437,           0.0088806,            0.001225,             0.99621,                   1,               0.995,             0.84156,            0.012678,           0.0034629,           0.0006241,            0.003598,            0.003598,            0.003598
                 196,            0.023283,           0.0096931,           0.0013336,             0.99608,                   1,               0.995,             0.86445,            0.011035,           0.0034175,          0.00062405,            0.003565,            0.003565,            0.003565
                 197,            0.022128,           0.0087365,           0.0012588,             0.99607,                   1,               0.995,             0.87058,            0.010628,           0.0034008,          0.00063051,            0.003532,            0.003532,            0.003532
                 198,            0.019662,           0.0087514,           0.0010599,               0.997,             0.99858,               0.995,              0.8464,            0.013939,           0.0034588,          0.00062439,            0.003499,            0.003499,            0.003499
                 199,            0.022486,           0.0099237,           0.0022048,             0.99713,             0.99814,               0.995,             0.86889,            0.011106,           0.0033743,           0.0006288,            0.003466,            0.003466,            0.003466
                 200,             0.01829,           0.0079914,           0.0013235,             0.99711,                   1,               0.995,             0.82474,            0.013817,            0.003407,          0.00063947,            0.003433,            0.003433,            0.003433
                 201,            0.022746,           0.0092769,           0.0015508,             0.99708,                   1,               0.995,             0.87461,            0.011035,           0.0033151,          0.00064343,              0.0034,              0.0034,              0.0034
                 202,            0.021972,           0.0093452,           0.0012784,             0.99662,                   1,               0.995,              0.8628,            0.011222,           0.0033398,          0.00064526,            0.003367,            0.003367,            0.003367
                 203,            0.021321,           0.0082819,          0.00096916,             0.99685,                   1,               0.995,             0.83287,            0.011138,           0.0033586,          0.00064819,            0.003334,            0.003334,            0.003334
                 204,            0.020028,            0.008707,          0.00097103,             0.99654,                   1,               0.995,             0.88167,            0.010578,           0.0032918,          0.00064695,            0.003301,            0.003301,            0.003301
                 205,            0.019144,            0.008474,           0.0011791,             0.99636,                   1,               0.995,             0.88386,            0.009713,           0.0032215,          0.00063625,            0.003268,            0.003268,            0.003268
                 206,            0.017578,           0.0087563,           0.0008672,              0.9972,                   1,               0.995,             0.86894,            0.010897,           0.0032505,          0.00061833,            0.003235,            0.003235,            0.003235
                 207,            0.021688,            0.009519,           0.0009261,             0.99751,                   1,               0.995,             0.86453,            0.010465,           0.0032196,          0.00061038,            0.003202,            0.003202,            0.003202
                 208,            0.019029,           0.0085062,           0.0015492,             0.99717,                   1,               0.995,             0.86387,             0.01408,           0.0032546,          0.00060687,            0.003169,            0.003169,            0.003169
                 209,            0.023699,           0.0090211,            0.001391,             0.99684,                   1,               0.995,             0.89361,            0.009678,            0.003094,          0.00061317,            0.003136,            0.003136,            0.003136
                 210,            0.018209,           0.0097509,            0.001081,             0.99692,                   1,               0.995,               0.901,           0.0094482,           0.0032051,          0.00061513,            0.003103,            0.003103,            0.003103
                 211,              0.0193,           0.0085864,           0.0011382,             0.99625,                   1,               0.995,             0.87997,            0.011462,           0.0032767,          0.00061934,             0.00307,             0.00307,             0.00307
                 212,            0.024632,            0.008912,           0.0013168,             0.99627,                   1,               0.995,             0.88862,           0.0098706,           0.0031558,           0.0006303,            0.003037,            0.003037,            0.003037
                 213,            0.020945,           0.0091754,            0.001402,             0.99621,                   1,               0.995,             0.90399,           0.0096934,           0.0030982,          0.00063842,            0.003004,            0.003004,            0.003004
                 214,            0.019032,           0.0086387,           0.0014736,             0.99636,                   1,               0.995,             0.88562,            0.011237,           0.0032229,          0.00063896,            0.002971,            0.002971,            0.002971
                 215,            0.018289,           0.0079677,           0.0015683,             0.99655,                   1,               0.995,             0.89466,            0.010014,           0.0031514,           0.0006403,            0.002938,            0.002938,            0.002938
                 216,            0.022255,            0.010021,            0.001192,             0.99667,                   1,               0.995,             0.86913,            0.011007,           0.0032282,          0.00063803,            0.002905,            0.002905,            0.002905
                 217,            0.021047,           0.0094386,           0.0011889,             0.99667,                   1,               0.995,             0.88839,            0.010787,           0.0031663,          0.00062639,            0.002872,            0.002872,            0.002872
                 218,            0.018342,           0.0084697,          0.00098142,             0.99663,                   1,               0.995,             0.89931,           0.0094362,           0.0030631,           0.0006196,            0.002839,            0.002839,            0.002839
                 219,            0.021346,           0.0082529,            0.001989,             0.99616,                   1,               0.995,              0.8853,            0.011231,           0.0031241,          0.00060081,            0.002806,            0.002806,            0.002806
                 220,            0.018477,           0.0077055,            0.001099,             0.99601,                   1,               0.995,             0.90645,            0.009237,           0.0030392,          0.00058918,            0.002773,            0.002773,            0.002773
                 221,            0.018006,           0.0082577,          0.00078474,             0.99594,                   1,               0.995,             0.89983,           0.0092956,           0.0030462,          0.00058186,             0.00274,             0.00274,             0.00274
                 222,            0.018784,           0.0092126,          0.00083129,             0.99601,                   1,               0.995,             0.88605,             0.01063,           0.0031384,          0.00055018,            0.002707,            0.002707,            0.002707
                 223,            0.020811,           0.0085959,           0.0017408,             0.99619,                   1,               0.995,             0.90434,            0.010639,           0.0031054,          0.00054014,            0.002674,            0.002674,            0.002674
                 224,             0.01987,           0.0081562,           0.0016236,             0.99542,             0.99994,               0.995,             0.90592,             0.01003,           0.0031387,          0.00052325,            0.002641,            0.002641,            0.002641
                 225,            0.019948,           0.0089023,          0.00088694,             0.99515,             0.99967,               0.995,              0.9126,           0.0094547,           0.0030862,          0.00052165,            0.002608,            0.002608,            0.002608
                 226,            0.016899,           0.0086409,          0.00083018,             0.99517,             0.99989,               0.995,             0.92187,           0.0086758,           0.0030314,          0.00051743,            0.002575,            0.002575,            0.002575
                 227,            0.016911,           0.0075116,          0.00070446,              0.9944,             0.99971,               0.995,             0.90708,            0.010365,           0.0031162,          0.00051131,            0.002542,            0.002542,            0.002542
                 228,            0.019988,           0.0086994,           0.0010789,             0.99455,                   1,               0.995,             0.90439,            0.010172,           0.0030769,          0.00050971,            0.002509,            0.002509,            0.002509
                 229,            0.016679,           0.0086704,          0.00078341,             0.99432,                   1,               0.995,             0.92905,           0.0088474,           0.0029738,           0.0005079,            0.002476,            0.002476,            0.002476
                 230,            0.017378,           0.0094603,           0.0017121,             0.99338,             0.99961,               0.995,             0.90178,           0.0098319,           0.0030643,          0.00049661,            0.002443,            0.002443,            0.002443
                 231,            0.017563,           0.0094762,           0.0012773,             0.99317,             0.99922,               0.995,             0.91601,            0.008507,           0.0029868,          0.00048162,             0.00241,             0.00241,             0.00241
                 232,            0.017727,           0.0080932,          0.00069986,             0.99266,             0.99859,               0.995,             0.90876,           0.0099892,           0.0030365,          0.00046491,            0.002377,            0.002377,            0.002377
                 233,            0.017208,           0.0077707,          0.00076434,             0.99352,             0.99867,               0.995,             0.89626,           0.0095198,           0.0030097,          0.00045647,            0.002344,            0.002344,            0.002344
                 234,            0.021003,           0.0077102,           0.0011412,             0.99316,             0.99856,               0.995,             0.91571,           0.0094268,           0.0029952,          0.00045045,            0.002311,            0.002311,            0.002311
                 235,            0.020114,            0.008446,          0.00067612,             0.99271,             0.99845,               0.995,               0.924,           0.0091805,           0.0029701,          0.00043745,            0.002278,            0.002278,            0.002278
                 236,            0.016686,           0.0079087,           0.0014035,             0.99215,             0.99827,               0.995,             0.92109,           0.0098246,           0.0030231,           0.0004342,            0.002245,            0.002245,            0.002245
                 237,            0.016049,           0.0085577,          0.00064739,              0.9919,             0.99825,               0.995,             0.93334,            0.009655,           0.0029692,          0.00043453,            0.002212,            0.002212,            0.002212
                 238,            0.017619,           0.0088362,          0.00072034,             0.99096,             0.99813,               0.995,             0.91594,           0.0096008,            0.003045,          0.00042625,            0.002179,            0.002179,            0.002179
                 239,            0.018404,           0.0086991,          0.00092563,             0.99128,             0.99811,               0.995,              0.9083,           0.0090403,           0.0029875,          0.00042272,            0.002146,            0.002146,            0.002146
                 240,            0.021254,           0.0088119,           0.0010479,             0.99205,             0.99808,               0.995,             0.91972,             0.00955,             0.00297,           0.0004245,            0.002113,            0.002113,            0.002113
                 241,            0.018236,           0.0087063,          0.00078133,             0.99234,             0.99812,               0.995,             0.92398,           0.0086494,            0.002947,          0.00042567,             0.00208,             0.00208,             0.00208
                 242,            0.016637,           0.0091334,           0.0015024,             0.99267,             0.99811,               0.995,             0.93096,           0.0082577,           0.0029334,          0.00042755,            0.002047,            0.002047,            0.002047
                 243,            0.021728,           0.0082908,          0.00081248,             0.99388,             0.99834,               0.995,             0.92376,           0.0082926,           0.0029589,          0.00042675,            0.002014,            0.002014,            0.002014
                 244,            0.017235,            0.009324,          0.00065347,             0.99392,             0.99839,               0.995,             0.90771,           0.0092565,           0.0029895,          0.00042548,            0.001981,            0.001981,            0.001981
                 245,            0.018279,            0.007875,          0.00065277,             0.99421,             0.99851,               0.995,             0.91598,           0.0085579,           0.0029631,          0.00042216,            0.001948,            0.001948,            0.001948
                 246,            0.018271,           0.0082475,          0.00096803,             0.99424,             0.99903,               0.995,             0.89186,            0.008506,           0.0030576,           0.0004119,            0.001915,            0.001915,            0.001915
                 247,            0.019593,           0.0086714,          0.00076343,             0.99473,             0.99938,               0.995,             0.92782,           0.0077158,           0.0030162,          0.00040885,            0.001882,            0.001882,            0.001882
                 248,             0.01775,           0.0078404,          0.00069773,             0.99517,                   1,               0.995,               0.909,           0.0082694,           0.0030465,          0.00039966,            0.001849,            0.001849,            0.001849
                 249,            0.017796,           0.0084887,          0.00072953,             0.99539,                   1,               0.995,              0.9313,           0.0078984,           0.0029481,          0.00039474,            0.001816,            0.001816,            0.001816
                 250,            0.019527,           0.0082809,          0.00080983,             0.99585,                   1,               0.995,              0.9284,           0.0071806,           0.0029141,          0.00039223,            0.001783,            0.001783,            0.001783
                 251,            0.016623,           0.0073695,           0.0007182,             0.99594,                   1,               0.995,             0.91983,            0.008338,           0.0029377,           0.0003838,             0.00175,             0.00175,             0.00175
                 252,            0.017139,           0.0078806,          0.00061658,             0.99589,                   1,               0.995,             0.92937,           0.0078028,           0.0028868,          0.00037874,            0.001717,            0.001717,            0.001717
                 253,            0.017254,           0.0096611,          0.00070068,             0.99593,                   1,               0.995,             0.92527,           0.0078198,           0.0028808,          0.00037666,            0.001684,            0.001684,            0.001684
                 254,            0.016704,           0.0087837,           0.0007469,             0.99577,                   1,               0.995,             0.94014,           0.0074664,           0.0028616,           0.0003736,            0.001651,            0.001651,            0.001651
                 255,            0.017077,           0.0081326,          0.00064662,             0.99573,                   1,               0.995,             0.92312,           0.0075583,           0.0028955,          0.00037166,            0.001618,            0.001618,            0.001618
                 256,            0.015643,           0.0079941,          0.00059341,             0.99547,                   1,               0.995,             0.92292,           0.0075289,           0.0029316,          0.00037043,            0.001585,            0.001585,            0.001585
                 257,             0.01526,           0.0083386,            0.001243,             0.99542,                   1,               0.995,             0.93622,           0.0082173,           0.0029139,          0.00036783,            0.001552,            0.001552,            0.001552
                 258,            0.016867,           0.0096059,           0.0011667,             0.99544,                   1,               0.995,             0.93846,           0.0075841,            0.002892,          0.00036777,            0.001519,            0.001519,            0.001519
                 259,            0.017232,           0.0078157,          0.00086275,             0.99574,                   1,               0.995,             0.93883,           0.0079045,           0.0029167,          0.00036398,            0.001486,            0.001486,            0.001486
                 260,            0.016945,           0.0078003,          0.00061257,             0.99586,                   1,               0.995,             0.93372,           0.0072783,           0.0029085,           0.0003659,            0.001453,            0.001453,            0.001453
                 261,            0.014536,           0.0075505,          0.00070791,             0.99593,                   1,               0.995,             0.93315,           0.0070956,           0.0028908,          0.00036575,             0.00142,             0.00142,             0.00142
                 262,             0.01639,           0.0079482,           0.0023631,             0.99561,                   1,               0.995,             0.92342,           0.0079526,           0.0029167,          0.00036554,            0.001387,            0.001387,            0.001387
                 263,             0.01734,           0.0069805,          0.00064635,             0.99565,                   1,               0.995,             0.93424,           0.0072043,           0.0028596,          0.00036624,            0.001354,            0.001354,            0.001354
                 264,            0.014703,           0.0078498,          0.00072628,             0.99534,                   1,               0.995,              0.9302,           0.0070603,           0.0028457,          0.00036061,            0.001321,            0.001321,            0.001321
                 265,            0.017713,           0.0068752,          0.00066107,             0.99524,                   1,               0.995,             0.93939,           0.0068413,           0.0028572,          0.00035842,            0.001288,            0.001288,            0.001288
                 266,            0.013849,           0.0077282,          0.00065031,             0.99517,                   1,               0.995,             0.93432,           0.0069631,           0.0028333,            0.000357,            0.001255,            0.001255,            0.001255
                 267,            0.014267,           0.0079368,           0.0005173,             0.99521,                   1,               0.995,             0.92585,           0.0076769,            0.002868,          0.00034446,            0.001222,            0.001222,            0.001222
                 268,            0.016427,             0.00919,          0.00086124,             0.99533,                   1,               0.995,             0.93262,            0.007045,           0.0028169,          0.00034075,            0.001189,            0.001189,            0.001189
                 269,            0.017262,           0.0078971,           0.0005897,             0.99548,                   1,               0.995,              0.9361,           0.0070365,           0.0028041,          0.00033804,            0.001156,            0.001156,            0.001156
                 270,            0.015691,           0.0079609,          0.00065518,             0.99533,                   1,               0.995,             0.93678,           0.0072842,           0.0028243,          0.00032552,            0.001123,            0.001123,            0.001123
                 271,            0.018384,           0.0084151,          0.00069393,              0.9954,                   1,               0.995,             0.93999,            0.007326,           0.0028106,          0.00032474,             0.00109,             0.00109,             0.00109
                 272,            0.016333,           0.0079402,          0.00058777,             0.99531,                   1,               0.995,             0.93669,            0.007509,           0.0028015,          0.00031863,            0.001057,            0.001057,            0.001057
                 273,            0.016281,           0.0082892,          0.00067004,             0.99512,                   1,               0.995,             0.93005,           0.0075155,           0.0028033,          0.00031699,            0.001024,            0.001024,            0.001024
                 274,            0.014989,           0.0065947,           0.0006113,              0.9952,                   1,               0.995,             0.93749,           0.0072268,           0.0027681,          0.00031518,            0.000991,            0.000991,            0.000991
                 275,            0.015007,           0.0080302,          0.00057457,             0.99536,                   1,               0.995,             0.94205,           0.0069842,           0.0027141,          0.00031393,            0.000958,            0.000958,            0.000958
                 276,            0.015764,           0.0083064,          0.00056926,              0.9953,                   1,               0.995,             0.93794,           0.0069801,           0.0026877,          0.00031316,            0.000925,            0.000925,            0.000925
                 277,            0.015874,           0.0085677,           0.0010713,             0.99538,                   1,               0.995,             0.93968,           0.0073122,           0.0026894,          0.00031175,            0.000892,            0.000892,            0.000892
                 278,            0.018838,           0.0086557,           0.0009967,             0.99533,                   1,               0.995,             0.93782,           0.0077069,           0.0026798,          0.00030994,            0.000859,            0.000859,            0.000859
                 279,            0.017398,            0.007654,          0.00083807,              0.9953,                   1,               0.995,             0.93901,           0.0075533,           0.0026741,          0.00030877,            0.000826,            0.000826,            0.000826
                 280,            0.014949,           0.0076034,          0.00059103,             0.99528,                   1,               0.995,             0.94523,           0.0071162,           0.0026425,          0.00031074,            0.000793,            0.000793,            0.000793
                 281,            0.017331,            0.008417,          0.00079953,             0.99526,                   1,               0.995,             0.94413,           0.0071071,           0.0026382,          0.00031104,             0.00076,             0.00076,             0.00076
                 282,            0.016512,           0.0072043,          0.00062902,             0.99533,                   1,               0.995,              0.9432,           0.0070962,           0.0026358,           0.0003096,            0.000727,            0.000727,            0.000727
                 283,            0.014721,           0.0076081,          0.00068466,             0.99525,                   1,               0.995,             0.94276,           0.0068442,           0.0026285,          0.00030367,            0.000694,            0.000694,            0.000694
                 284,            0.014852,           0.0070986,           0.0015614,             0.99527,                   1,               0.995,             0.94685,           0.0067595,           0.0026389,          0.00029999,            0.000661,            0.000661,            0.000661
                 285,            0.014592,           0.0089606,           0.0014657,             0.99513,                   1,               0.995,             0.94488,           0.0069726,           0.0026567,          0.00029797,            0.000628,            0.000628,            0.000628
                 286,            0.014861,           0.0077231,          0.00067757,             0.99502,                   1,               0.995,             0.95093,             0.00688,           0.0026399,          0.00029232,            0.000595,            0.000595,            0.000595
                 287,             0.01452,           0.0071996,          0.00055634,             0.99506,                   1,               0.995,             0.95186,           0.0066911,           0.0026331,          0.00029032,            0.000562,            0.000562,            0.000562
                 288,            0.017862,           0.0072692,          0.00083261,             0.99496,                   1,               0.995,             0.94658,           0.0065764,           0.0026276,          0.00029113,            0.000529,            0.000529,            0.000529
                 289,            0.014862,            0.006579,          0.00094681,             0.99504,                   1,               0.995,             0.95781,           0.0066325,           0.0026253,          0.00028908,            0.000496,            0.000496,            0.000496
                 290,            0.014032,           0.0074397,          0.00083243,             0.99494,                   1,               0.995,             0.95601,           0.0067271,           0.0026282,          0.00028952,            0.000463,            0.000463,            0.000463
                 291,            0.015467,           0.0083418,          0.00057006,             0.99503,                   1,               0.995,             0.95245,           0.0066966,           0.0026183,           0.0002855,             0.00043,             0.00043,             0.00043
                 292,            0.014753,           0.0070049,          0.00060417,             0.99512,                   1,               0.995,             0.95357,           0.0068099,           0.0026239,          0.00028489,            0.000397,            0.000397,            0.000397
                 293,            0.016545,           0.0087939,          0.00080858,             0.99514,                   1,               0.995,             0.95116,           0.0067013,           0.0026204,          0.00028419,            0.000364,            0.000364,            0.000364
                 294,            0.014917,           0.0082882,          0.00068396,             0.99518,                   1,               0.995,              0.9463,           0.0065208,           0.0026019,          0.00028339,            0.000331,            0.000331,            0.000331
                 295,            0.015365,           0.0073959,           0.0010917,             0.99523,                   1,               0.995,             0.94645,           0.0064278,           0.0025933,          0.00028301,            0.000298,            0.000298,            0.000298
                 296,            0.016045,           0.0076146,           0.0016213,             0.99517,                   1,               0.995,             0.94328,           0.0063942,           0.0025848,          0.00028132,            0.000265,            0.000265,            0.000265
                 297,            0.014391,           0.0076295,          0.00060301,             0.99521,                   1,               0.995,             0.95315,           0.0066921,           0.0025895,          0.00028036,            0.000232,            0.000232,            0.000232
                 298,            0.014241,           0.0082211,           0.0006026,             0.99513,                   1,               0.995,             0.95215,           0.0068913,            0.002591,          0.00028082,            0.000199,            0.000199,            0.000199
                 299,            0.013925,           0.0072994,          0.00054657,             0.99516,                   1,               0.995,             0.95144,           0.0070017,           0.0025915,          0.00027859,            0.000166,            0.000166,            0.000166
